{"cameraMode":{"drawMode":0,"name":"Shaded","section":"Shading Mode"},"sceneLighting":false,"audioPlay":false,"sceneViewState":{"showFog":true,"showMaterialUpdate":false,"showSkybox":false,"showFlares":true,"showImageEffects":true,"showParticleSystems":true},"in2DMode":false,"pivot":{"x":0.09780228137969971,"y":-3.699359893798828,"z":7.799156665802002},"rotation":{"x":0.38496673107147219,"y":-0.35707300901412966,"z":0.16462573409080506,"w":0.8349887728691101},"size":1.6371591091156006,"orthographic":true}