{"cameraMode":{"drawMode":0,"name":"Shaded","section":"Shading Mode"},"sceneLighting":false,"audioPlay":false,"sceneViewState":{"showFog":true,"showMaterialUpdate":false,"showSkybox":false,"showFlares":true,"showImageEffects":true,"showParticleSystems":true},"in2DMode":false,"pivot":{"x":0.9074496030807495,"y":-3.7421393394470217,"z":8.26944351196289},"rotation":{"x":0.2488795518875122,"y":0.05893805995583534,"z":-0.015175140462815762,"w":0.9666226506233215},"size":11.56859302520752,"orthographic":true}