{"cameraMode":{"drawMode":0,"name":"Shaded","section":"Shading Mode"},"sceneLighting":false,"audioPlay":false,"sceneViewState":{"showFog":true,"showMaterialUpdate":false,"showSkybox":false,"showFlares":true,"showImageEffects":true,"showParticleSystems":true},"in2DMode":false,"pivot":{"x":-1.4919999837875367,"y":-3.761399984359741,"z":-1.9652999639511109},"rotation":{"x":-0.7482997179031372,"y":0.01989295892417431,"z":-0.022462457418441774,"w":-0.6626863479614258},"size":0.08660252392292023,"orthographic":true}