{"cameraMode":{"drawMode":0,"name":"Shaded","section":"Shading Mode"},"sceneLighting":true,"audioPlay":false,"sceneViewState":{"showFog":true,"showMaterialUpdate":false,"showSkybox":true,"showFlares":true,"showImageEffects":true,"showParticleSystems":true},"in2DMode":false,"pivot":{"x":-2.7008907794952394,"y":5.284935474395752,"z":19.877744674682618},"rotation":{"x":-0.013491066172719002,"y":-0.035988498479127887,"z":-0.0004848485114052892,"w":0.9992634654045105},"size":17.987770080566408,"orthographic":false}