{"cameraMode":{"drawMode":0,"name":"Shaded","section":"Shading Mode"},"sceneLighting":false,"audioPlay":false,"sceneViewState":{"showFog":true,"showMaterialUpdate":false,"showSkybox":false,"showFlares":true,"showImageEffects":true,"showParticleSystems":true},"in2DMode":false,"pivot":{"x":-3.136990785598755,"y":-1.536414384841919,"z":3.6125071048736574},"rotation":{"x":0.8046611547470093,"y":0.1711413413286209,"z":0.4962199330329895,"w":-0.27750730514526369},"size":2.9660251140594484,"orthographic":false}