{"cameraMode":{"drawMode":0,"name":"Shaded","section":"Shading Mode"},"sceneLighting":true,"audioPlay":false,"sceneViewState":{"showFog":true,"showMaterialUpdate":false,"showSkybox":true,"showFlares":true,"showImageEffects":true,"showParticleSystems":true},"in2DMode":false,"pivot":{"x":-3.8224849700927736,"y":4.1020636558532719,"z":2.6849775314331056},"rotation":{"x":-0.10324668884277344,"y":0.03639810159802437,"z":0.0037795312236994507,"w":0.9939863085746765},"size":7.509904861450195,"orthographic":true}