{"cameraMode":{"drawMode":0,"name":"Shaded","section":"Shading Mode"},"sceneLighting":false,"audioPlay":false,"sceneViewState":{"showFog":true,"showMaterialUpdate":false,"showSkybox":false,"showFlares":true,"showImageEffects":true,"showParticleSystems":true},"in2DMode":false,"pivot":{"x":-1.4529094696044922,"y":-3.781459093093872,"z":-1.8874661922454835},"rotation":{"x":0.20786996185779572,"y":-0.052200209349393848,"z":0.9767051935195923,"w":0.011111906729638577},"size":0.12247443199157715,"orthographic":false}