{"cameraMode":{"drawMode":0,"name":"Shaded","section":"Shading Mode"},"sceneLighting":true,"audioPlay":false,"sceneViewState":{"showFog":true,"showMaterialUpdate":false,"showSkybox":true,"showFlares":true,"showImageEffects":true,"showParticleSystems":true},"in2DMode":false,"pivot":{"x":1.524884581565857,"y":-56.38111877441406,"z":113.28564453125},"rotation":{"x":0.24351359903812409,"y":0.010470145381987095,"z":-0.002633386757224798,"w":0.9698436260223389},"size":77.90882873535156,"orthographic":false}